Daily_Usage,Phone_Unlocks,Physical_Problem,Mental_Problem,Unproductive_Usage_Seconds,Percentage_Unproductive_Usage,Addiction
4h 36m 29s,114,True,False,13250,79.87220447284345,Addicted
7h 41m 15s,184,True,False,25003,90.34507678410118,Addicted
8h 59m 41s,75,True,True,14968,46.22463790494426,Addicted
5h 19m 44s,70,False,False,15288,79.69140950792327,Addicted
6h 29m 17s,198,True,True,6477,27.73044483452498,Not Addicted
2h 22m 22s,79,False,False,824,9.646452821353313,Cannot Say
8h 42m 31s,135,True,True,29647,94.56476667410928,Addicted
5h 59m 8s,157,False,True,10946,50.79821793205866,Addicted
3h 40m 28s,63,False,True,607,4.5887511339582705,Not Addicted
8h 55m 43s,190,True,False,1532,4.766201039106493,Not Addicted
9h 0m 2s,111,True,False,949,2.928831553607802,Not Addicted
9h 0m 16s,58,True,True,4633,14.292324777887464,Not Addicted
0h 55m 46s,77,False,False,3261,97.4596533173939,Cannot Say
7h 58m 40s,190,True,True,12932,45.02785515320335,Addicted
10h 47m 37s,105,False,False,24947,64.20207427233188,Addicted
6h 23m 54s,103,False,False,21648,93.98280802292264,Addicted
6h 57m 33s,99,False,True,11574,46.198060112561365,Addicted
5h 4m 9s,55,True,False,8944,49.01090470710724,Addicted
8h 35m 13s,122,True,False,15613,50.506259502474684,Addicted
8h 33m 50s,199,False,False,29039,94.19072332144015,Addicted
10h 20m 23s,90,False,False,2967,7.970878220455095,Cannot Say
10h 15m 21s,90,False,False,26186,70.92440616451341,Addicted
6h 30m 11s,133,True,True,12319,52.62056298321301,Addicted
11h 2m 37s,147,False,False,16342,41.10471112005433,Addicted
2h 14m 8s,142,True,True,1977,24.56510934393638,Not Addicted
10h 56m 56s,133,True,True,21762,55.21108179419525,Addicted
0h 2m 31s,196,False,True,50,33.11258278145696,Not Addicted
7h 55m 2s,159,True,False,20718,72.68963581503053,Addicted
3h 26m 9s,171,True,True,4100,33.14738459050853,Not Addicted
5h 11m 1s,79,True,True,3779,20.250790418519905,Not Addicted
1h 5m 52s,160,False,True,449,11.361336032388664,Not Addicted
3h 14m 17s,68,True,False,4926,42.25787080724028,Not Addicted
10h 6m 4s,156,False,False,15149,41.65933340666593,Addicted
5h 31m 44s,146,True,True,897,4.506631832797427,Not Addicted
7h 41m 7s,85,True,False,24246,87.63508873387067,Addicted
1h 44m 28s,115,True,True,6172,98.468410976388,Addicted
0h 16m 58s,138,False,True,981,96.36542239685659,Addicted
9h 53m 27s,77,False,True,20265,56.912966551520775,Addicted
3h 34m 27s,156,True,False,8880,69.01375612030776,Addicted
8h 27m 24s,159,False,True,19724,64.78780712127184,Addicted
2h 49m 3s,174,False,True,3418,33.69811692793059,Not Addicted
6h 47m 23s,155,False,True,2451,10.027410710632902,Not Addicted
6h 42m 41s,168,True,False,19603,81.13488680104301,Addicted
4h 36m 45s,128,False,True,1459,8.786510087323096,Not Addicted
0h 45m 29s,77,False,False,1968,72.11432759252473,Cannot Say
5h 14m 10s,177,False,False,6468,34.312997347480106,Cannot Say
3h 42m 49s,196,False,False,5393,40.33959159249009,Cannot Say
11h 59m 57s,154,False,False,22396,51.84619302266361,Addicted
10h 23m 49s,175,False,False,11342,30.302706457559648,Addicted
7h 0m 34s,61,False,True,18638,73.86066418324482,Addicted
9h 14m 13s,108,False,False,3069,9.229242474363215,Cannot Say
5h 9m 4s,167,False,False,16977,91.54982743744607,Addicted
6h 36m 9s,89,True,True,12321,51.83642559636501,Addicted
11h 43m 31s,74,True,False,42061,99.64464239179361,Addicted
5h 43m 31s,131,False,True,16513,80.11741303187618,Addicted
5h 8m 0s,199,True,False,17856,96.62337662337663,Addicted
1h 59m 32s,85,True,False,5455,76.05967651979923,Not Addicted
9h 14m 30s,177,False,False,12705,38.18755635707845,Addicted
11h 6m 1s,58,True,False,11036,27.616926503340757,Addicted
0h 58m 29s,131,True,False,1217,34.68224565403249,Not Addicted
7h 16m 7s,166,True,False,2592,9.905606298008943,Not Addicted
6h 37m 30s,68,False,False,13540,56.77148846960167,Addicted
9h 37m 22s,76,True,True,13461,38.85745626695918,Addicted
5h 22m 26s,57,True,True,14401,74.43916054998449,Addicted
14h 57m 43s,149,False,True,36936,68.5739747136253,Addicted
3h 45m 36s,125,True,True,3589,26.514479905437355,Not Addicted
4h 40m 10s,69,True,False,2532,15.06246281975015,Not Addicted
2h 42m 33s,111,True,True,5344,54.793396903516864,Not Addicted
9h 22m 10s,162,True,True,6153,18.241921138452415,Not Addicted
10h 25m 45s,125,False,True,19287,51.37035557331202,Addicted
11h 23m 22s,164,True,True,5116,12.477440124871958,Not Addicted
9h 32m 48s,164,True,False,18615,54.16375698324022,Addicted
1h 51m 5s,118,False,False,3923,58.85971492873219,Not Addicted
3h 50m 3s,55,True,True,8449,61.2113308701007,Addicted
2h 8m 34s,194,True,False,4130,53.53901996370236,Not Addicted
11h 9m 5s,135,False,False,22317,55.590982687756885,Addicted
10h 39m 0s,94,True,True,27421,71.52060511215441,Addicted
10h 21m 49s,160,True,False,4933,13.222010774880054,Not Addicted
0h 22m 56s,142,False,False,1020,74.12790697674419,Not Addicted
3h 49m 22s,173,False,False,4866,35.35823281499782,Cannot Say
1h 22m 34s,169,True,False,1150,23.213564796124345,Not Addicted
1h 51m 56s,108,True,False,3401,50.64026206075045,Not Addicted
10h 16m 50s,185,True,False,14338,38.740880843015404,Addicted
4h 24m 15s,171,True,False,10238,64.57269000315358,Addicted
8h 36m 26s,156,True,True,22332,72.07125798747822,Addicted
7h 7m 22s,190,True,True,9556,37.26698385461352,Addicted
9h 46m 51s,64,True,True,18734,53.204964357729125,Addicted
3h 7m 15s,58,False,False,2377,21.157098353360034,Cannot Say
9h 20m 27s,89,True,False,8383,24.929372230647992,Addicted
3h 44m 53s,57,False,False,9424,69.84362261913584,Addicted
1h 11m 15s,72,True,True,1630,38.12865497076024,Not Addicted
8h 42m 31s,191,False,False,16171,51.580491850339705,Addicted
2h 28m 13s,121,True,False,6514,73.24862251208816,Addicted
0h 14m 53s,115,False,False,427,47.816349384098544,Cannot Say
6h 25m 1s,191,False,True,18507,80.11341500367949,Addicted
3h 0m 43s,174,True,True,6709,61.87402010513695,Addicted
10h 14m 26s,70,False,False,16968,46.02614875495036,Addicted
10h 46m 34s,78,False,False,28446,73.32577202660205,Addicted
2h 54m 15s,131,True,True,5093,48.71353419416547,Not Addicted
10h 20m 30s,72,False,False,23891,64.17136717700778,Addicted
0h 10m 47s,177,True,False,589,91.03554868624421,Addicted
10h 0m 46s,154,False,False,19106,53.00449425733784,Addicted
7h 11m 3s,159,False,True,3352,12.960600085063604,Not Addicted
11h 30m 20s,159,True,False,9259,22.353935296957992,Addicted
3h 42m 11s,78,True,False,9451,70.89490660865651,Addicted
3h 22m 34s,185,True,True,1083,8.910646700674675,Not Addicted
7h 39m 20s,100,False,False,4376,15.878084179970973,Cannot Say
2h 51m 26s,137,False,False,2520,24.49931946334824,Cannot Say
10h 5m 8s,132,True,True,10712,29.50313980389997,Addicted
10h 59m 4s,123,False,True,32344,81.79243374468946,Addicted
7h 28m 43s,91,False,False,26420,98.13170894773985,Addicted
9h 32m 38s,102,False,True,20013,58.24844286629024,Addicted
6h 15m 19s,143,False,True,15653,69.51019139393401,Addicted
8h 51m 9s,152,False,False,21555,67.63626094323637,Addicted
7h 46m 20s,70,True,False,26954,96.33309506790565,Addicted
14h 59m 39s,138,False,False,7808,14.464884492117305,Addicted
5h 36m 7s,52,False,True,17525,86.89939009272574,Addicted
0h 19m 42s,171,True,True,309,26.14213197969543,Not Addicted
6h 49m 5s,55,True,True,22869,93.17172540232227,Addicted
3h 34m 39s,57,False,False,10476,81.34171907756813,Addicted
3h 7m 17s,114,False,False,677,6.024739699207974,Cannot Say
4h 30m 17s,152,False,True,14926,92.03921810445829,Addicted
0h 9m 18s,115,True,False,16,2.867383512544803,Not Addicted
7h 18m 3s,116,False,True,17389,66.1606361526462,Addicted
7h 52m 40s,142,False,False,19670,69.35825105782793,Addicted
6h 54m 57s,70,False,True,1559,6.26179861027433,Not Addicted
4h 12m 35s,150,False,False,10583,69.83173870009898,Addicted
9h 13m 51s,59,True,False,7420,22.328548644338117,Addicted
8h 57m 5s,59,True,True,12000,37.23816912335143,Addicted
0h 44m 38s,162,False,False,692,25.840179238237493,Cannot Say
1h 31m 36s,110,True,True,2993,54.45778748180496,Not Addicted
5h 39m 38s,195,True,True,1714,8.411031504563745,Not Addicted
11h 21m 1s,179,True,True,8492,20.782653385869164,Addicted
3h 47m 13s,84,False,True,6411,47.025599647913154,Not Addicted
9h 0m 9s,73,False,True,11038,34.0584405566355,Addicted
0h 52m 12s,77,False,False,2445,78.06513409961686,Cannot Say
6h 37m 20s,126,False,False,18778,78.76677852348993,Addicted
0h 12m 34s,129,True,False,16,2.122015915119363,Not Addicted
6h 58m 20s,198,True,True,431,1.7171314741035857,Not Addicted
0h 8m 29s,181,True,True,324,63.654223968565816,Addicted
6h 6m 59s,193,True,False,2179,9.895998910032244,Not Addicted
11h 10m 47s,183,True,False,29127,72.37061147414714,Addicted
5h 49m 34s,189,False,False,6720,32.039668160579765,Cannot Say
10h 9m 3s,69,False,False,4554,12.46203103193498,Cannot Say
3h 18m 43s,142,False,True,11455,96.07481338589281,Addicted
1h 48m 55s,75,False,False,5527,84.57536342769701,Cannot Say
14h 59m 43s,197,False,False,1582,2.930552210881203,Cannot Say
1h 19m 34s,196,False,True,1543,32.320904901550065,Not Addicted
10h 31m 49s,51,False,False,25641,67.63829169854124,Addicted
0h 32m 41s,117,False,False,98,4.997450280469148,Cannot Say
2h 32m 36s,114,True,False,7808,85.27741371778069,Addicted
1h 52m 13s,71,True,True,6472,96.12357047378583,Not Addicted
9h 27m 56s,146,False,True,21507,63.11480220683179,Addicted
2h 32m 12s,95,False,False,3539,38.75383267630311,Cannot Say
3h 43m 38s,142,True,True,3010,22.4325532866299,Not Addicted
8h 50m 53s,155,True,False,15062,47.28596992433994,Addicted
2h 47m 22s,54,False,True,9632,95.91714797849033,Addicted
4h 32m 58s,97,True,True,15555,94.97496641836611,Addicted
10h 59m 8s,191,False,False,1946,4.920602811773035,Cannot Say
8h 46m 13s,120,False,True,23004,72.85972191429386,Addicted
7h 17m 38s,197,False,True,542,2.064132835707213,Not Addicted
11h 56m 16s,93,False,True,1711,3.9812918838421445,Not Addicted
5h 50m 4s,143,True,True,16440,78.27080556084556,Addicted
10h 1m 27s,67,True,True,21077,58.40607420954914,Addicted
6h 42m 34s,156,False,False,7267,30.08611410118407,Addicted
11h 32m 30s,143,True,False,1720,4.139590854392298,Not Addicted
3h 23m 32s,72,False,True,1884,15.427448411398625,Not Addicted
9h 5m 59s,87,True,True,18983,57.947434292866085,Addicted
0h 6m 1s,67,False,False,358,99.16897506925207,Cannot Say
7h 39m 18s,60,True,False,11686,42.40510922418173,Addicted
5h 13m 28s,167,False,True,13689,72.78285835814548,Addicted
6h 50m 55s,140,True,True,16305,66.13263029811397,Addicted
4h 3m 42s,125,False,False,7722,52.81083299138285,Addicted
9h 20m 36s,145,True,True,17921,53.27922464026638,Addicted
10h 13m 30s,109,False,False,18861,51.23879380603097,Addicted
2h 6m 31s,185,True,True,1998,26.320642866552497,Not Addicted
1h 40m 43s,70,True,True,3642,60.26807876882343,Not Addicted
11h 9m 58s,117,False,False,6624,16.478431762774267,Cannot Say
10h 44m 58s,90,False,False,8481,21.91586128482092,Addicted
7h 30m 27s,145,False,False,8814,32.61183261183261,Addicted
2h 11m 27s,112,True,True,7168,90.88373272473692,Addicted
2h 15m 27s,162,False,True,3896,47.938968869201425,Not Addicted
4h 41m 4s,172,False,False,3277,19.43192599620493,Cannot Say
3h 54m 4s,99,True,False,2694,19.182569068641413,Not Addicted
0h 59m 21s,185,True,True,1731,48.60994102780118,Not Addicted
3h 37m 24s,134,False,True,12298,94.28089543084943,Addicted
5h 40m 15s,51,False,False,8937,43.77663482733284,Addicted
11h 45m 54s,92,True,True,16561,39.1013835765217,Addicted
11h 47m 53s,96,False,True,29178,68.69776093047348,Addicted
5h 55m 3s,99,True,False,3997,18.762615594047787,Not Addicted
5h 56m 27s,132,False,True,12721,59.4800579791462,Addicted
8h 9m 29s,136,False,True,27218,92.67595083251047,Addicted
7h 14m 40s,79,True,True,2301,8.822852760736197,Not Addicted
2h 59m 0s,73,False,False,2651,24.68342644320298,Cannot Say
6h 24m 7s,116,False,False,19527,84.7268624983729,Addicted
2h 3m 49s,65,False,False,5983,80.53573832278907,Cannot Say
9h 37m 14s,198,True,True,15115,43.64208581163019,Addicted
3h 28m 4s,105,False,True,9305,74.53540531880807,Addicted
5h 32m 19s,146,True,False,4167,20.898741160539647,Not Addicted
6h 37m 10s,106,True,False,9901,41.54846831724717,Addicted
4h 25m 40s,184,False,False,5713,35.84065244667503,Cannot Say
2h 37m 56s,58,False,True,2193,23.142676234698182,Not Addicted
0h 25m 8s,94,False,True,1206,79.973474801061,Not Addicted
9h 41m 42s,60,True,False,9092,26.050083089794278,Addicted
1h 43m 25s,72,True,False,4802,77.38920225624496,Not Addicted
1h 34m 40s,148,True,False,208,3.6619718309859155,Not Addicted
10h 42m 59s,164,True,False,3690,9.56478913398481,Not Addicted
4h 18m 30s,66,False,False,15178,97.85944551901999,Addicted
7h 55m 51s,70,False,True,3211,11.246541277013064,Not Addicted
7h 43m 25s,54,False,True,2379,8.556015105196908,Not Addicted
9h 21m 5s,176,False,False,23616,70.15000742611021,Addicted
10h 35m 30s,164,False,True,10212,26.782061369000786,Addicted
7h 8m 51s,188,True,True,18586,72.23193812910496,Addicted
0h 19m 8s,132,True,False,1013,88.2404181184669,Addicted
3h 23m 18s,142,True,False,4554,37.333989178553864,Not Addicted
4h 36m 35s,95,True,False,15504,93.42573064175956,Addicted
1h 49m 0s,121,True,False,5403,82.61467889908258,Addicted
4h 8m 49s,82,False,False,9923,66.46794828856588,Addicted
2h 28m 6s,86,True,True,5896,66.35156425838397,Not Addicted
4h 56m 22s,186,False,True,14605,82.1336182656619,Addicted
2h 44m 13s,170,False,False,396,4.019080483101593,Cannot Say
2h 42m 34s,178,False,True,3301,33.84252614312077,Not Addicted
5h 34m 21s,148,False,True,16045,79.98105777378994,Addicted
4h 0m 37s,150,False,True,7033,48.715107016693224,Not Addicted
0h 23m 40s,167,True,True,711,50.070422535211264,Not Addicted
4h 5m 37s,181,False,False,3979,27.00006785641582,Cannot Say
8h 51m 17s,73,True,False,27035,84.81036483985318,Addicted
10h 34m 25s,104,False,False,7086,18.615526073821094,Cannot Say
3h 6m 31s,110,True,True,242,2.1624519703333034,Not Addicted
10h 0m 40s,175,False,True,31973,88.71531631520533,Addicted
6h 6m 2s,100,False,True,6964,31.70931609143065,Not Addicted
2h 36m 19s,114,False,True,3083,32.87130824181683,Not Addicted
8h 5m 48s,72,False,False,20321,69.71661863592699,Addicted
8h 12m 20s,131,False,False,15250,51.624915368991196,Addicted
5h 15m 22s,179,False,True,11307,59.75583976323856,Addicted
10h 40m 34s,81,False,True,33701,87.68538273403757,Addicted
3h 40m 0s,129,True,False,11940,90.45454545454545,Addicted
10h 39m 18s,138,False,True,30760,80.19187653162312,Addicted
9h 15m 53s,161,True,False,5739,17.206847959703776,Not Addicted
9h 33m 10s,120,True,True,4965,14.43733643501018,Not Addicted
6h 54m 33s,199,True,True,19754,79.41945081011539,Addicted
8h 43m 57s,71,True,False,13990,44.50170181633107,Addicted
7h 4m 9s,114,False,True,18272,71.79849895870171,Addicted
0h 29m 28s,122,False,True,887,50.16968325791855,Not Addicted
7h 12m 33s,100,True,True,202,0.7783300581820983,Not Addicted
0h 9m 26s,113,True,True,437,77.20848056537103,Addicted
3h 43m 58s,152,False,True,9991,74.34886143771394,Addicted
2h 18m 57s,179,True,True,3704,44.428451481348205,Not Addicted
5h 50m 16s,56,True,False,9127,43.42881614008375,Addicted
2h 1m 57s,117,False,False,5710,78.03744704113707,Not Addicted
2h 15m 45s,166,False,True,3768,46.26151012891344,Not Addicted
11h 45m 55s,186,False,False,31889,75.28981230079094,Addicted
2h 36m 52s,123,True,False,6876,73.0556736081598,Addicted
4h 13m 26s,164,False,True,7892,51.900565566223854,Addicted
9h 56m 43s,172,False,True,25580,71.44652682736083,Addicted
0h 6m 27s,99,False,False,307,79.32816537467701,Cannot Say
6h 49m 55s,101,False,False,11172,45.423866639560885,Addicted
13h 48m 53s,160,False,False,13019,26.17778939537128,Addicted
5h 50m 47s,158,False,False,543,2.579940133985841,Cannot Say
6h 14m 22s,82,True,True,11749,52.30611699759594,Addicted
9h 11m 22s,81,False,False,9330,28.202647965661086,Addicted
1h 31m 36s,54,False,True,4396,79.98544395924309,Not Addicted
7h 56m 53s,54,False,False,13804,48.24380526334184,Addicted
6h 32m 48s,187,True,True,16972,72.01289884589274,Addicted
8h 55m 57s,97,False,False,27407,85.22872158472494,Addicted
14h 39m 21s,164,True,False,49873,94.52625992683991,Addicted
5h 33m 23s,177,True,True,9347,46.72799080137979,Addicted
2h 11m 14s,120,True,True,1202,15.265430530861062,Not Addicted
11h 44m 47s,153,False,True,37491,88.65845295244401,Addicted
6h 53m 49s,193,True,False,17219,69.35035643803616,Addicted
5h 52m 49s,136,True,False,1373,6.485899192215032,Not Addicted
7h 3m 54s,54,True,False,11884,46.724856491310845,Addicted
7h 58m 16s,120,True,False,15437,53.794954000557574,Addicted
11h 8m 6s,115,False,True,6869,17.135658334580654,Not Addicted
5h 58m 9s,70,False,False,13878,64.58187910093535,Addicted
4h 33m 21s,63,True,True,14075,85.81793793061398,Addicted
8h 14m 49s,155,True,True,9558,32.19374178988851,Addicted
10h 2m 16s,69,True,True,26465,73.2372149656852,Addicted
9h 21m 38s,78,False,False,32646,96.87815300611312,Addicted
9h 24m 1s,130,False,True,1211,3.5784994533258474,Not Addicted
7h 3m 35s,179,False,True,11314,44.517017509344875,Addicted
3h 41m 55s,51,True,False,4361,32.75253473526099,Not Addicted
11h 13m 16s,78,True,False,38748,95.92038815724328,Addicted
11h 28m 12s,68,False,True,2651,6.420129807226581,Not Addicted
5h 53m 32s,110,False,False,3070,14.472939845370544,Cannot Say
13h 15m 43s,93,True,False,33799,70.79362419621724,Addicted
1h 46m 58s,116,False,True,2864,44.62449361171705,Not Addicted
5h 1m 21s,54,False,False,9214,50.959570820197996,Addicted
2h 58m 58s,152,False,False,8272,77.03482957720246,Addicted
3h 4m 39s,131,True,True,9769,88.17582814333423,Addicted
6h 44m 22s,174,False,False,16015,66.00857307724013,Addicted
10h 51m 24s,62,True,False,24472,62.61385733292396,Addicted
10h 38m 24s,188,True,False,10957,28.60536758563074,Addicted
5h 8m 47s,184,False,False,3939,21.260862524963567,Cannot Say
0h 16m 13s,95,True,False,397,40.8016443987667,Not Addicted
4h 13m 8s,141,False,True,7597,50.01975243613379,Addicted
8h 10m 27s,81,False,False,26648,90.55629184082645,Addicted
11h 17m 2s,145,True,True,2738,6.740190044803309,Not Addicted
11h 24m 15s,195,True,False,22749,55.41103397880891,Addicted
5h 38m 34s,183,True,False,1226,6.035246627941322,Not Addicted
11h 52m 41s,124,False,False,8203,19.183368022263277,Addicted
4h 44m 4s,50,False,False,6277,36.82820934053039,Cannot Say
2h 56m 32s,60,False,False,2391,22.573640483383688,Cannot Say
10h 53m 15s,159,True,True,33583,85.68184717438449,Addicted
5h 31m 23s,104,True,False,18394,92.51119046421566,Addicted
5h 13m 52s,98,False,True,14164,75.21240441801189,Addicted
6h 50m 52s,113,False,False,23169,93.98426091189356,Addicted
1h 27m 24s,116,True,True,3896,74.29443173150267,Addicted
4h 27m 5s,166,False,False,9626,60.06864274570983,Addicted
4h 45m 42s,79,True,False,16100,93.92136273480341,Addicted
3h 27m 55s,112,True,False,991,7.943887775551102,Not Addicted
5h 49m 28s,166,True,True,2888,13.773368943151468,Not Addicted
6h 21m 11s,181,True,True,9635,42.127585151501904,Addicted
10h 2m 16s,164,False,False,13725,37.981514279388975,Addicted
2h 22m 32s,110,False,False,6601,77.1866230121609,Not Addicted
7h 24m 55s,155,False,False,15227,57.040644315414866,Addicted
5h 3m 19s,108,True,False,1015,5.577229518105391,Not Addicted
1h 46m 19s,63,True,False,2353,36.88665935099545,Not Addicted
4h 50m 13s,75,True,False,7932,45.552173663354964,Addicted
0h 12m 54s,63,True,False,191,24.67700258397933,Not Addicted
8h 24m 42s,86,False,False,7864,25.96922264051252,Addicted
9h 4m 34s,73,False,False,29271,89.58499112444144,Addicted
1h 36m 24s,89,False,True,2634,45.53941908713693,Not Addicted
1h 57m 36s,96,True,False,1994,28.259637188208618,Not Addicted
3h 43m 6s,198,False,False,932,6.962498132377111,Cannot Say
5h 51m 20s,190,True,False,319,1.5132827324478177,Not Addicted
2h 54m 13s,182,True,True,4960,47.45049268152683,Not Addicted
11h 11m 59s,112,False,True,9581,23.762990153525635,Addicted
6h 16m 54s,166,False,False,16653,73.64022287078801,Addicted
3h 9m 19s,55,False,False,2688,23.66405493441324,Cannot Say
3h 45m 39s,74,True,False,4459,32.9344855602334,Not Addicted
7h 39m 4s,93,False,True,21089,76.56476909671798,Addicted
4h 24m 15s,148,False,True,961,6.061179438662882,Not Addicted
4h 17m 18s,155,True,False,8571,55.51884959191605,Addicted
10h 57m 27s,128,True,True,8056,20.42233883438538,Addicted
10h 10m 46s,172,False,False,33648,91.81902526878785,Addicted
7h 5m 54s,60,False,False,3292,12.882523284025984,Cannot Say
11h 38m 1s,136,True,True,281,0.6709486401948378,Not Addicted
6h 10m 50s,73,False,True,14958,67.22696629213483,Addicted
2h 43m 6s,170,True,False,1973,20.161455139995912,Not Addicted
8h 37m 56s,117,True,True,26999,86.88055090745269,Addicted
11h 13m 43s,151,True,False,19047,47.11921430868565,Addicted
5h 7m 3s,171,True,True,12594,68.36020192151115,Addicted
1h 45m 27s,187,False,True,259,4.093567251461988,Not Addicted
2h 23m 9s,175,False,False,1397,16.26499010362091,Cannot Say
3h 47m 58s,137,False,False,9128,66.73490276356192,Addicted
2h 13m 41s,88,False,True,4300,53.60927565141503,Not Addicted
11h 57m 28s,199,True,True,35312,82.02936257201263,Addicted
7h 22m 35s,139,True,False,10803,40.68160421766146,Addicted
12h 13m 33s,109,False,True,27536,62.563333560538936,Addicted
11h 23m 59s,122,True,False,38309,93.34779112551476,Addicted
3h 13m 15s,71,False,True,6350,54.76498490728763,Not Addicted
11h 1m 39s,130,False,True,8309,20.929998236731404,Addicted
4h 50m 48s,151,True,True,10866,62.27647867950481,Addicted
3h 15m 42s,174,True,True,11374,96.86595128598195,Addicted
9h 58m 42s,98,False,False,23084,64.26145537553587,Addicted
10h 25m 36s,112,False,False,30762,81.95332480818415,Addicted
5h 53m 29s,127,False,True,6230,29.374322221698336,Not Addicted
2h 16m 54s,158,True,False,932,11.346481616751888,Not Addicted
2h 52m 49s,118,True,False,9674,93.29732857556176,Addicted
0h 49m 18s,158,False,True,1949,65.8891142663962,Addicted
11h 41m 53s,127,True,True,1331,3.1605442499940635,Not Addicted
5h 6m 43s,144,True,True,4536,24.648155192088247,Not Addicted
6h 52m 48s,109,True,False,17910,72.31104651162791,Addicted
2h 59m 3s,151,True,False,9263,86.22358745229451,Addicted
11h 31m 2s,107,True,False,15692,37.84670300516135,Addicted
2h 18m 23s,188,True,False,7812,94.0864747681561,Addicted
7h 23m 2s,146,False,True,6697,25.193740124896546,Not Addicted
5h 4m 44s,136,False,False,2253,12.32224896084008,Cannot Say
4h 50m 53s,82,True,False,14123,80.920185641437,Addicted
7h 16m 22s,109,False,True,21023,80.29562294706287,Addicted
1h 49m 38s,131,False,True,2808,42.68774703557312,Not Addicted
0h 37m 36s,88,False,False,919,40.73581560283688,Cannot Say
9h 43m 52s,92,True,True,34841,99.45478419730533,Addicted
1h 19m 54s,101,True,True,2440,50.89695452649144,Not Addicted
9h 40m 42s,127,True,True,8374,24.034211583720797,Addicted
11h 22m 53s,151,False,True,12921,31.535401361872452,Addicted
3h 54m 7s,146,True,True,7579,53.95458104933438,Addicted
4h 40m 47s,84,True,False,7701,45.711402623612514,Addicted
7h 30m 47s,128,True,True,15381,56.86767478833142,Addicted
4h 6m 54s,152,False,True,3067,20.70338868637775,Not Addicted
11h 29m 53s,77,False,False,6680,16.137994346870244,Cannot Say
6h 23m 57s,111,True,False,10802,46.88978599644051,Addicted
2h 2m 7s,103,False,False,14,0.1910741094581684,Cannot Say
0h 20m 4s,189,True,True,642,53.32225913621262,Not Addicted
7h 4m 43s,90,False,False,19483,76.45489149629164,Addicted
11h 33m 36s,143,False,False,37427,89.93415993848521,Addicted
1h 20m 7s,118,False,True,2228,46.34907426669441,Not Addicted
0h 25m 37s,174,False,True,877,57.05920624593364,Addicted
9h 6m 4s,64,True,False,1663,5.075692833597851,Not Addicted
7h 26m 38s,53,True,True,3268,12.194939920889619,Not Addicted
2h 49m 7s,192,False,False,3715,36.61180644525476,Cannot Say
7h 52m 4s,97,False,False,19818,69.96893094195735,Addicted
11h 33m 20s,188,False,False,40133,96.4735576923077,Addicted
6h 19m 39s,101,False,False,22119,97.10259449492953,Addicted
6h 18m 17s,176,False,False,658,2.8990615499845793,Cannot Say
7h 11m 51s,92,True,True,21666,83.61699664235267,Addicted
13h 17m 0s,188,False,False,26458,55.32831451275617,Addicted
0h 40m 16s,86,False,True,2084,86.25827814569537,Not Addicted
4h 23m 54s,96,True,False,1687,10.654288240495138,Not Addicted
7h 2m 33s,190,False,False,8604,33.936812211572594,Addicted
6h 50m 4s,58,True,False,16905,68.70834010729962,Addicted
3h 10m 39s,66,True,False,6278,54.88241979193985,Not Addicted
0h 57m 11s,127,True,True,2940,85.68930341008453,Addicted
0h 29m 10s,57,True,False,129,7.371428571428572,Not Addicted
6h 54m 23s,112,False,True,14211,57.15722157422676,Addicted
3h 21m 13s,59,True,True,1269,10.511057732129546,Not Addicted
6h 40m 32s,159,True,False,118,0.49101198402130497,Not Addicted
6h 35m 39s,175,True,False,7854,33.084797169215214,Addicted
1h 21m 23s,121,True,False,4514,92.44317018226499,Addicted
2h 9m 21s,71,True,False,5718,73.67607267104755,Not Addicted
0h 33m 18s,101,True,False,648,32.432432432432435,Not Addicted
3h 27m 20s,166,False,False,1038,8.344051446945338,Cannot Say
3h 24m 36s,154,False,False,8504,69.2733789507983,Addicted
8h 5m 55s,163,False,False,16337,56.034985422740526,Addicted
6h 25m 48s,137,True,True,8057,34.80646276136167,Addicted
2h 51m 34s,147,False,False,9494,92.22848261122985,Addicted
1h 5m 0s,157,True,True,3277,84.02564102564102,Addicted
7h 0m 2s,122,False,True,3006,11.9276247916832,Not Addicted
8h 34m 54s,71,True,False,19923,64.48825014565935,Addicted
6h 47m 5s,51,True,False,137,0.5609007164790174,Not Addicted
11h 27m 24s,198,True,False,22050,53.462321792260695,Addicted
9h 3m 42s,130,True,True,24631,75.50426092820796,Addicted
11h 50m 28s,181,False,True,13399,31.432391855118702,Addicted
4h 9m 12s,89,False,True,14495,96.94355270197967,Addicted
9h 21m 32s,180,False,False,24779,73.54564881871067,Addicted
9h 41m 3s,192,True,False,4305,12.348334910937096,Not Addicted
3h 26m 18s,81,True,False,12215,98.68314751979318,Addicted
4h 35m 27s,104,True,True,6778,41.01167786047075,Not Addicted
4h 40m 2s,65,True,True,9447,56.225449351267706,Addicted
5h 18m 42s,99,True,True,16190,84.66687584980652,Addicted
9h 44m 46s,56,True,False,3503,9.984039217921678,Not Addicted
7h 24m 29s,188,False,True,23837,89.38092916869775,Addicted
1h 13m 16s,170,False,False,1123,25.545950864422203,Cannot Say
6h 16m 31s,176,True,False,5581,24.704528351998583,Not Addicted
9h 23m 37s,138,False,True,14694,43.4515184670432,Addicted
3h 14m 53s,56,False,False,8241,70.47806379885402,Addicted
7h 41m 11s,100,True,True,15249,55.108236059412384,Addicted
8h 13m 36s,197,False,False,10215,34.49149108589951,Addicted
3h 0m 45s,113,True,True,7076,65.24665744582757,Addicted
0h 22m 26s,198,True,False,620,46.062407132243685,Not Addicted
0h 11m 30s,69,False,True,281,40.72463768115942,Not Addicted
13h 2m 39s,174,False,True,31018,66.05336570199536,Addicted
8h 45m 10s,71,True,False,2766,8.7781656616947,Not Addicted
9h 51m 21s,150,True,False,29759,83.87305882021363,Addicted
9h 16m 5s,64,False,True,21751,65.19106848493931,Addicted
2h 49m 4s,101,True,True,1975,19.469637223974765,Not Addicted
1h 1m 49s,162,False,False,1115,30.06201132380696,Cannot Say
8h 59m 34s,69,False,True,21964,67.84456662754062,Addicted
11h 0m 14s,113,True,True,2446,6.174584742767708,Not Addicted
10h 55m 23s,155,False,False,28869,73.41504971645094,Addicted
8h 12m 43s,175,False,True,19045,64.42174339546054,Addicted
9h 31m 28s,55,True,False,6592,19.225384974335043,Not Addicted
6h 48m 36s,65,True,True,7802,31.824114863762443,Addicted
10h 55m 37s,58,False,True,7289,18.529628593944633,Addicted
11h 19m 3s,101,False,False,12300,30.189234960606733,Addicted
10h 17m 46s,121,False,False,8036,21.680246047590785,Addicted
5h 20m 59s,155,False,True,3959,20.55662287761566,Not Addicted
9h 28m 53s,119,True,True,23429,68.64031875311282,Addicted
5h 0m 41s,140,True,True,1009,5.592816362729339,Not Addicted
9h 19m 28s,184,True,False,27480,81.86367969494756,Addicted
8h 43m 12s,129,True,True,23732,75.59887869520897,Addicted
9h 56m 5s,183,False,False,21749,60.81084859499511,Addicted
6h 43m 20s,121,True,False,7346,30.355371900826444,Addicted
7h 49m 8s,97,True,False,2013,7.151485007815831,Not Addicted
2h 15m 54s,190,True,False,1698,20.824135393671817,Not Addicted
9h 24m 44s,164,False,False,30740,90.7212843820092,Addicted
1h 43m 6s,92,True,True,3277,52.974458454574844,Not Addicted
6h 28m 32s,184,True,True,22831,97.93668496911462,Addicted
6h 39m 16s,121,True,False,23034,96.15127734179329,Addicted
6h 17m 8s,136,False,True,10799,47.724058688350716,Addicted
2h 41m 7s,57,True,False,3758,38.87452156822179,Not Addicted
11h 56m 16s,189,True,False,33327,77.5479337304542,Addicted
6h 12m 54s,184,False,True,7745,34.6160722266917,Addicted
1h 1m 22s,150,True,True,436,11.841390548614882,Not Addicted
8h 7m 16s,135,False,False,29210,99.91106854562868,Addicted
3h 18m 13s,123,False,True,3,0.025224922223156476,Not Addicted
7h 52m 50s,86,False,True,25352,89.36200211491013,Addicted
4h 33m 45s,127,True,True,13102,79.76864535768645,Addicted
7h 4m 58s,90,False,True,20071,78.71597772374304,Addicted
8h 0m 23s,90,False,False,4908,17.028067862470945,Cannot Say
11h 14m 30s,115,False,False,27554,68.08500123548308,Addicted
13h 36m 40s,163,False,True,47121,96.16530612244898,Addicted
6h 54m 34s,135,False,False,20723,83.31189193535418,Addicted
5h 42m 6s,190,True,False,13872,67.58257819351067,Addicted
0h 50m 44s,188,True,False,1625,53.38370565045992,Not Addicted
10h 29m 52s,147,True,False,23270,61.57387806943269,Addicted
8h 21m 14s,170,True,True,11532,38.345414643878435,Addicted
1h 37m 3s,123,True,True,2293,39.378327322685905,Not Addicted
6h 46m 17s,135,False,False,11442,46.93768716413012,Addicted
6h 11m 35s,171,False,True,16673,74.7835837631756,Addicted
6h 18m 55s,193,False,False,17940,78.90917088190015,Addicted
3h 51m 21s,56,True,False,8486,61.13392406887112,Addicted
0h 0m 7s,90,True,True,1,14.285714285714285,Not Addicted
3h 54m 32s,71,False,False,744,5.287094940306993,Cannot Say
0h 54m 6s,169,True,True,1701,52.40295748613678,Not Addicted
7h 16m 7s,79,True,False,22328,85.32884931402148,Addicted
4h 48m 16s,50,True,True,9607,55.54463459759482,Addicted
3h 25m 56s,172,True,False,6155,49.81385561670443,Not Addicted
7h 44m 26s,71,False,False,5714,20.505275245819277,Cannot Say
11h 27m 33s,68,False,True,4580,11.102222868639856,Not Addicted
3h 27m 54s,169,True,True,3880,31.104697771364435,Not Addicted
1h 36m 45s,166,False,False,2477,42.67011197243755,Cannot Say
8h 17m 22s,63,True,False,11332,37.97332618457208,Addicted
3h 52m 48s,135,False,False,2648,18.95761741122566,Cannot Say
2h 35m 55s,184,False,False,6985,74.66595403527525,Not Addicted
10h 44m 6s,98,True,True,26170,67.71722817367903,Addicted
9h 47m 10s,146,False,True,19621,55.69401078626171,Addicted
11h 36m 47s,167,False,False,35496,84.90444183988328,Addicted
8h 50m 32s,73,False,True,13166,41.36089469716009,Addicted
4h 21m 42s,198,True,True,7873,50.14010954018596,Addicted
5h 14m 31s,108,True,False,3403,18.03296062741773,Not Addicted
11h 44m 15s,120,True,True,12352,29.232043545142588,Addicted
9h 30m 38s,142,False,False,22641,66.12827852094163,Addicted
8h 34m 22s,167,True,False,21703,70.32272697816084,Addicted
11h 49m 24s,130,True,False,25056,58.866647871440655,Addicted
8h 15m 18s,191,False,False,7101,23.894609327680193,Cannot Say
8h 25m 43s,151,False,False,14296,47.11465576904064,Addicted
11h 57m 34s,178,True,False,7348,17.066939192641797,Addicted
10h 6m 10s,98,True,False,15666,43.073962056640084,Addicted
6h 48m 11s,165,False,False,6946,28.361438895920948,Cannot Say
4h 30m 2s,87,True,True,9235,56.999135909147014,Addicted
9h 53m 3s,182,True,True,932,2.6192282831689293,Not Addicted
11h 59m 36s,103,True,False,34069,78.90726329442282,Addicted
8h 36m 53s,152,False,False,21775,70.21249153580756,Addicted
3h 25m 17s,74,False,True,5874,47.69018429812454,Not Addicted
8h 24m 25s,59,True,True,21003,69.39699322649926,Addicted
10h 10m 40s,197,False,False,18725,51.105349344978166,Addicted
10h 31m 8s,152,False,True,3800,10.034857927537763,Not Addicted
6h 17m 36s,53,True,True,16528,72.95197740112994,Addicted
3h 19m 0s,132,True,True,9291,77.81407035175879,Addicted
10h 53m 55s,136,False,False,38417,97.91512680005098,Addicted
10h 32m 43s,50,True,True,27360,72.07017359007455,Addicted
10h 33m 6s,199,False,True,35943,94.62170273258569,Addicted
11h 49m 11s,82,False,False,26490,62.254706117365046,Addicted
10h 58m 28s,54,True,False,14583,36.911511592588845,Addicted
0h 54m 47s,172,True,True,2267,68.96866443565561,Addicted
9h 3m 42s,50,False,True,9744,29.869413279382012,Addicted
4h 14m 42s,123,True,True,15161,99.20821881952624,Addicted
9h 55m 10s,156,False,True,4650,13.021562587510502,Not Addicted
7h 5m 20s,88,False,True,2895,11.344043887147336,Not Addicted
7h 28m 7s,174,False,False,26678,99.22267266708819,Addicted
7h 6m 48s,174,False,True,12140,47.40706029365823,Addicted
2h 22m 21s,160,True,True,6013,70.40159231940054,Addicted
7h 19m 41s,194,False,True,16769,63.56468670634169,Addicted
0h 1m 52s,114,True,False,26,23.214285714285715,Not Addicted
2h 3m 12s,50,False,True,1490,20.156926406926406,Not Addicted
1h 48m 0s,163,True,False,5189,80.07716049382717,Addicted
5h 18m 12s,52,False,False,8272,43.32704797821077,Addicted
5h 42m 57s,79,False,False,5758,27.982699130096712,Cannot Say
3h 28m 2s,93,True,True,3462,27.735939753244672,Not Addicted
6h 20m 1s,81,True,False,6522,28.604008596114205,Not Addicted
0h 49m 52s,54,True,False,1340,44.786096256684495,Not Addicted
11h 20m 40s,116,False,True,1401,3.430460333006856,Not Addicted
10h 39m 28s,177,False,True,22438,58.481025854879064,Addicted
7h 8m 20s,77,True,True,11021,42.88326848249027,Addicted
2h 34m 10s,191,True,False,872,9.427027027027027,Not Addicted
5h 13m 3s,178,True,True,7697,40.97854442847256,Addicted
9h 13m 37s,86,False,True,971,2.9232019748923745,Not Addicted
0h 26m 57s,65,True,True,101,6.246134817563389,Not Addicted
9h 18m 50s,199,False,True,3355,10.005964807634953,Not Addicted
10h 13m 25s,152,False,False,23963,65.10800163021328,Addicted
9h 20m 14s,84,True,False,15984,47.55161539834592,Addicted
8h 30m 27s,59,True,True,17978,58.6998400104483,Addicted
9h 28m 3s,162,True,False,33090,97.08652407358507,Addicted
5h 17m 29s,113,True,True,4282,22.478870281904562,Not Addicted
8h 34m 57s,62,True,False,16605,53.74308185260704,Addicted
7h 37m 24s,140,False,False,2178,7.936160909488413,Cannot Say
11h 28m 38s,143,False,False,5171,12.515126579214868,Cannot Say
0h 12m 36s,146,True,True,141,18.650793650793652,Not Addicted
11h 15m 29s,52,False,True,37662,92.92605294973968,Addicted
11h 11m 20s,156,False,False,27222,67.5819265143992,Addicted
9h 15m 19s,166,True,False,21995,66.01338575587503,Addicted
0h 0m 52s,88,False,False,43,82.6923076923077,Cannot Say
0h 5m 40s,135,False,False,286,84.11764705882354,Not Addicted
7h 30m 36s,138,False,True,15412,57.00547418257139,Addicted
10h 59m 42s,123,False,False,29021,73.31868020817544,Addicted
7h 5m 9s,101,False,True,7664,30.044298090869887,Addicted
7h 32m 24s,87,True,True,20012,73.7253168287651,Addicted
10h 25m 47s,122,False,True,3167,8.434761765254214,Not Addicted
10h 38m 13s,117,True,True,15670,40.921317212023084,Addicted
3h 48m 37s,192,False,True,4828,35.19720055405701,Not Addicted
9h 59m 14s,74,True,False,23524,65.42804694887913,Addicted
8h 20m 17s,156,True,False,15022,50.04497451444182,Addicted
5h 20m 52s,183,True,True,9509,49.392270932890085,Addicted
3h 44m 25s,118,False,True,2015,14.964723356851096,Not Addicted
10h 42m 14s,195,True,True,18461,47.9083406861473,Addicted
10h 39m 27s,130,True,False,3479,9.067688378033207,Not Addicted
8h 32m 19s,164,False,True,4692,15.263996876931586,Not Addicted
14h 15m 5s,121,False,False,27349,53.30669525387389,Addicted
3h 15m 32s,153,True,True,6097,51.96897374701671,Not Addicted
7h 55m 33s,116,False,True,11344,39.757473802264045,Addicted
6h 11m 16s,55,True,True,7133,32.02100915783803,Not Addicted
7h 39m 12s,65,False,False,27032,98.11265969802555,Addicted
13h 49m 1s,181,True,False,40757,81.93844112502764,Addicted
5h 40m 30s,59,False,True,11363,55.61918746940774,Addicted
5h 7m 31s,120,False,True,11831,64.12118584358572,Addicted
3h 23m 24s,72,True,False,5525,45.27204195345788,Not Addicted
1h 37m 15s,124,True,True,3062,52.4764353041988,Not Addicted
1h 45m 45s,73,False,True,5703,89.88179669030733,Not Addicted
4h 59m 41s,151,True,True,3287,18.280407096379513,Not Addicted
6h 56m 51s,113,False,True,7751,30.990364239734518,Addicted
7h 24m 40s,123,True,False,4346,16.28935532233883,Not Addicted
9h 35m 15s,192,False,False,13414,38.864261915109374,Addicted
0h 20m 34s,194,True,False,29,2.3500810372771475,Not Addicted
8h 34m 12s,97,False,True,21966,71.19797744068455,Addicted
2h 14m 29s,162,True,True,4278,53.017722146486555,Not Addicted
4h 10m 48s,148,False,True,3644,24.215842636895268,Not Addicted
11h 49m 31s,124,True,False,28436,66.79664560381481,Addicted
2h 6m 19s,104,False,True,1931,25.478295289616042,Not Addicted
9h 57m 16s,58,False,True,15254,42.566134613238084,Addicted
1h 25m 45s,160,False,True,3367,65.4421768707483,Addicted
5h 28m 23s,193,True,True,6599,33.492361569304165,Not Addicted
9h 58m 47s,129,True,True,7740,21.543685807331535,Addicted
8h 17m 30s,67,False,True,24072,80.64321608040201,Addicted
6h 12m 23s,133,True,True,19152,85.71812200689254,Addicted
9h 54m 7s,122,False,True,5683,15.942435548573513,Not Addicted
10h 32m 37s,84,False,True,9561,25.189029691493005,Addicted
11h 37m 22s,160,False,True,19612,46.87156445676593,Addicted
7h 49m 57s,123,False,False,20196,71.62464091924673,Addicted
9h 13m 39s,186,False,False,16233,48.866612480809174,Addicted
6h 41m 55s,190,False,True,6468,26.821480406386065,Not Addicted
11h 0m 33s,70,False,False,23279,58.736406529911946,Addicted
0h 3m 20s,176,True,True,133,66.5,Addicted
1h 41m 11s,90,True,False,3584,59.03475539449844,Not Addicted
9h 2m 39s,76,True,False,26666,81.90054977118461,Addicted
3h 58m 16s,157,True,False,5607,39.22076105204253,Not Addicted
9h 16m 9s,102,True,True,31186,93.45799994006413,Addicted
4h 50m 47s,184,False,False,1004,5.754570986416003,Cannot Say
13h 12m 55s,57,False,True,33228,69.84340514976353,Addicted
2h 21m 31s,98,True,False,2186,25.744906371452124,Not Addicted
10h 51m 39s,139,True,True,6863,17.552878590245275,Not Addicted
4h 1m 6s,93,True,True,9370,64.77257016452371,Addicted
5h 44m 59s,81,True,False,14053,67.89216870380211,Addicted
2h 19m 34s,154,True,False,5294,63.21948889419632,Addicted
2h 16m 22s,124,False,True,1075,13.138596920068442,Not Addicted
7h 52m 4s,121,True,False,20661,72.94520547945206,Addicted
1h 48m 38s,170,False,False,2033,31.190549248235655,Cannot Say
0h 55m 23s,97,True,False,3192,96.0577791152573,Not Addicted
10h 48m 22s,162,False,True,35441,91.10328517813994,Addicted
10h 45m 30s,103,False,True,25987,67.09785695843016,Addicted
5h 15m 49s,187,False,False,16112,85.02823367987756,Addicted
10h 6m 16s,57,True,True,10500,28.86518583681548,Addicted
7h 54m 55s,169,False,False,18060,63.37954027022285,Addicted
11h 39m 45s,78,False,False,9581,22.820054781469572,Addicted
7h 28m 13s,128,False,False,23672,88.02290558881494,Addicted
5h 18m 6s,130,False,False,13068,68.46903489468721,Addicted
11h 27m 49s,181,True,True,18169,44.025782064019,Addicted
14h 19m 25s,124,True,True,34578,67.05711238242993,Addicted
4h 23m 39s,63,True,True,6797,42.96731778241355,Not Addicted
0h 42m 32s,195,True,True,1600,62.695924764890286,Addicted
8h 26m 56s,195,True,False,16662,54.78037874802736,Addicted
11h 4m 48s,161,False,False,1485,3.722924187725632,Cannot Say
5h 6m 55s,183,True,False,12636,68.61797447732827,Addicted
2h 25m 7s,60,True,False,4661,53.53164120822327,Not Addicted
11h 40m 5s,160,True,True,37876,90.17021783121058,Addicted
7h 49m 17s,176,False,False,16960,60.23368966864368,Addicted
1h 8m 40s,172,False,True,2669,64.78155339805825,Addicted
11h 18m 50s,196,False,True,30679,75.32285784434079,Addicted
1h 53m 13s,156,True,True,902,13.278374797585752,Not Addicted
6h 54m 59s,69,True,True,6719,26.98501947869392,Not Addicted
8h 32m 49s,108,True,False,10570,34.35275764568234,Addicted
0h 34m 25s,119,True,False,1783,86.34382566585957,Addicted
9h 49m 42s,140,False,True,10708,30.263976033011136,Addicted
7h 50m 41s,143,False,True,26605,94.20700400127474,Addicted
5h 31m 57s,176,False,False,7886,39.59431641311443,Addicted
8h 22m 54s,176,True,False,27594,91.44959236428714,Addicted
9h 35m 9s,78,False,False,30549,88.52473267843172,Addicted
7h 35m 6s,190,False,True,25032,91.67215996484289,Addicted
9h 1m 33s,65,False,False,3585,11.033145600590895,Cannot Say
6h 47m 22s,182,True,True,21533,88.09835529007447,Addicted
5h 50m 11s,116,True,True,20297,96.60178001998952,Addicted
0h 27m 12s,181,True,True,1622,99.38725490196079,Addicted
4h 49m 53s,124,True,True,1215,6.985568907031564,Not Addicted
7h 36m 28s,139,True,True,16283,59.45304512925369,Addicted
6h 54m 44s,114,False,False,9078,36.48127310721749,Addicted
4h 52m 50s,66,False,True,10364,58.98690950483779,Addicted
10h 9m 30s,113,False,False,9234,25.25020508613618,Addicted
10h 19m 14s,105,False,True,5544,14.921677342950963,Not Addicted
7h 44m 6s,173,True,False,10234,36.75213675213676,Addicted
9h 56m 45s,177,False,False,3381,9.442815249266861,Cannot Say
11h 37m 34s,166,False,True,33716,80.55621923830458,Addicted
7h 24m 46s,181,True,True,23855,89.39144120512628,Addicted
2h 10m 7s,160,False,False,2325,29.78096579992315,Cannot Say
7h 53m 53s,92,False,True,18656,65.6138993423135,Addicted
8h 10m 40s,89,False,True,20354,69.13722826086956,Addicted
1h 35m 54s,181,True,True,1044,18.143899895724715,Not Addicted
5h 35m 17s,126,True,False,14128,70.22915941740816,Addicted
0h 0m 6s,107,False,False,0,0.0,Cannot Say
8h 13m 14s,178,False,False,21190,71.60235182807327,Addicted
6h 18m 40s,162,False,True,4861,21.39524647887324,Not Addicted
9h 42m 18s,79,False,True,11387,32.592020149979966,Addicted
3h 51m 22s,146,True,False,9744,70.19161504106036,Addicted
3h 48m 20s,198,True,False,2965,21.642335766423358,Not Addicted
2h 32m 0s,146,True,True,4843,53.103070175438596,Not Addicted
11h 47m 25s,152,False,False,28672,67.5509482860172,Addicted
9h 49m 45s,95,False,True,103,0.2910837925674721,Not Addicted
8h 35m 35s,122,True,False,9900,32.00258606756102,Addicted
4h 23m 6s,155,True,True,14031,88.88255416191562,Addicted
9h 43m 5s,194,False,False,12391,35.41803630127197,Addicted
6h 2m 20s,147,False,True,3270,15.041398344066238,Not Addicted
7h 48m 0s,61,False,True,16855,60.024928774928775,Addicted
9h 4m 28s,129,True,True,26253,80.36304640626913,Addicted
6h 10m 39s,51,False,True,2464,11.07963487566887,Not Addicted
2h 15m 44s,101,True,False,7896,96.95481335952849,Addicted
6h 26m 35s,54,True,True,14190,61.17697779693899,Addicted
9h 59m 38s,115,False,True,10401,28.90933348157207,Addicted
7h 15m 33s,80,False,False,15012,57.44461026288601,Addicted
4h 51m 20s,198,True,False,3198,18.295194508009153,Not Addicted
10h 49m 25s,61,True,False,37341,95.83215706403182,Addicted
7h 50m 42s,118,True,False,27269,96.55477657389703,Addicted
9h 3m 36s,65,True,True,18304,56.1196958547952,Addicted
8h 17m 15s,162,True,False,8873,29.74023797553209,Addicted
8h 38m 43s,199,False,False,4307,13.838640233910612,Cannot Say
10h 28m 54s,173,False,True,18200,48.232363385805904,Addicted
4h 19m 17s,179,True,True,1128,7.250755287009064,Not Addicted
3h 22m 18s,85,False,True,3116,25.671445048607676,Not Addicted
10h 39m 36s,152,False,True,23469,61.15540963101939,Addicted
5h 19m 32s,81,True,True,7523,39.23951596077613,Addicted
10h 10m 19s,144,True,True,17702,48.34102515087796,Addicted
10h 31m 52s,172,True,True,5888,15.53070267989027,Not Addicted
9h 20m 24s,184,False,True,21390,63.61527480371163,Addicted
3h 42m 29s,180,True,False,229,1.7154843059405198,Not Addicted
7h 14m 33s,166,True,False,6888,26.418133701530316,Not Addicted
7h 52m 56s,116,False,True,11990,42.25401747956019,Addicted
3h 5m 50s,71,False,True,3984,35.73094170403587,Not Addicted
5h 34m 46s,106,False,False,798,3.972916459225331,Cannot Say
3h 6m 11s,184,True,True,6906,61.8207859636559,Addicted
12h 19m 46s,176,True,False,30417,68.52836479971161,Addicted
2h 46m 57s,143,True,False,8445,84.3066786463013,Addicted
0h 54m 15s,153,False,False,488,14.99231950844854,Cannot Say
4h 57m 33s,197,False,False,6963,39.00184842883549,Cannot Say
11h 11m 11s,141,True,True,15477,38.4321223709369,Addicted
4h 8m 59s,172,False,False,9562,64.00696164401901,Addicted
11h 5m 47s,109,True,False,17270,43.23228277467644,Addicted
12h 34m 6s,125,True,False,20283,44.82827211245193,Addicted
10h 42m 46s,57,False,True,24883,64.52056215319193,Addicted
8h 2m 34s,149,False,False,25607,88.44028458934862,Addicted
1h 57m 12s,172,False,True,2987,42.47724687144483,Not Addicted
0h 34m 29s,65,False,True,63,3.0449492508458196,Not Addicted
1h 8m 51s,119,False,True,1935,46.84095860566449,Not Addicted
8h 41m 17s,118,False,True,9912,31.691018959618887,Addicted
2h 38m 55s,139,True,True,6629,69.52281069743051,Addicted
6h 13m 47s,130,True,False,11878,52.962946448477275,Addicted
7h 15m 14s,170,True,True,75,0.28720226698322737,Not Addicted
10h 29m 34s,101,False,False,14652,38.78858474082703,Addicted
10h 35m 30s,120,False,True,31778,83.34120115394703,Addicted
8h 37m 40s,101,False,False,883,2.8428847392144236,Cannot Say
10h 13m 54s,180,False,True,26104,70.86930553293152,Addicted
1h 57m 4s,144,True,False,4427,63.02676537585421,Addicted
8h 7m 28s,151,True,False,5163,17.652489059080963,Not Addicted
4h 32m 28s,144,False,True,8868,54.245167604599956,Addicted
9h 26m 20s,113,False,False,28616,84.21424367274868,Addicted
5h 14m 4s,57,False,True,370,1.9634897049458713,Not Addicted
7h 49m 16s,60,False,True,162,0.5753658190083819,Not Addicted
7h 20m 46s,196,True,False,7651,28.930651138168344,Addicted
6h 17m 11s,145,True,False,6985,30.864743051566435,Not Addicted
2h 40m 29s,193,True,False,4321,44.87485720220168,Not Addicted
8h 8m 23s,60,True,False,2079,7.0948367061393025,Not Addicted
10h 31m 21s,161,True,False,61,0.1610305958132045,Not Addicted
11h 20m 4s,118,True,False,11030,27.031663562395842,Addicted
2h 1m 6s,126,True,False,1005,13.831544178364988,Not Addicted
0h 36m 53s,146,True,False,620,28.016267510167193,Not Addicted
9h 34m 19s,84,False,True,20050,58.18508952668389,Addicted
5h 54m 31s,148,True,False,4320,20.309341356776834,Not Addicted
1h 34m 13s,162,False,False,1801,31.859189810719972,Cannot Say
11h 37m 12s,59,False,True,955,2.2829412889653855,Not Addicted
3h 11m 7s,173,True,False,10494,91.51478154704805,Addicted
1h 0m 8s,148,False,False,2119,58.730598669623056,Not Addicted
3h 41m 40s,75,False,True,2904,21.834586466165415,Not Addicted
7h 23m 35s,77,True,False,12527,47.06744317114409,Addicted
8h 2m 17s,197,True,True,22679,78.3737084010091,Addicted
2h 12m 28s,68,True,False,4318,54.32813286361349,Not Addicted
12h 50m 9s,154,False,True,20779,44.96743058711507,Addicted
1h 38m 28s,194,False,False,536,9.07244414353419,Cannot Say
9h 10m 30s,198,False,False,934,2.8277323645171055,Cannot Say
11h 36m 30s,160,True,True,14329,34.28810720268007,Addicted
10h 45m 40s,129,True,True,30573,78.91843056272586,Addicted
6h 50m 33s,183,False,False,17962,72.9184427394146,Addicted
6h 39m 9s,147,False,True,19112,79.80291452670258,Addicted
3h 49m 27s,109,False,True,6214,45.136921624173745,Not Addicted
2h 42m 39s,74,False,False,7565,77.51818833896915,Addicted
10h 56m 12s,141,True,True,32235,81.87290460225542,Addicted
9h 47m 46s,150,False,True,17187,48.73532580956162,Addicted
3h 31m 56s,102,True,True,9641,75.81786725385341,Addicted
3h 6m 20s,170,False,True,3766,33.685152057245084,Not Addicted
0h 44m 55s,127,False,True,990,36.734693877551024,Not Addicted
4h 2m 1s,96,False,False,3118,21.47235038909166,Cannot Say
14h 52m 55s,156,False,False,49411,92.22771815212319,Addicted
8h 42m 45s,95,True,True,26978,86.01307189542484,Addicted
10h 51m 13s,75,True,True,3949,10.106723312773527,Not Addicted
11h 16m 36s,162,True,False,14243,35.08473741255296,Addicted
10h 21m 16s,96,False,False,7008,18.8003004614229,Cannot Say
13h 18m 27s,129,False,True,19265,40.21332999352913,Addicted
3h 59m 35s,79,False,True,8654,60.20173913043478,Addicted
1h 36m 14s,71,True,True,4496,77.86629719431937,Not Addicted
9h 37m 28s,105,False,False,7818,22.56407296236435,Addicted
6h 56m 19s,194,False,False,455,1.8215300852716283,Cannot Say
9h 15m 13s,122,True,False,8319,24.972233062167923,Addicted
11h 20m 33s,143,False,True,37033,90.69380158205374,Addicted
6h 26m 31s,94,False,True,6134,26.449915915656934,Not Addicted
4h 52m 44s,68,True,True,5892,33.545889319061715,Not Addicted
2h 30m 34s,188,False,False,5660,62.65220278946203,Not Addicted
4h 25m 19s,158,True,True,8758,55.016018594132795,Addicted
9h 12m 26s,135,True,True,20616,62.19755023230555,Addicted
4h 22m 12s,59,True,False,10474,66.57767607424357,Addicted
0h 40m 16s,123,False,False,2095,86.7135761589404,Not Addicted
2h 20m 16s,184,False,False,6489,77.10313688212928,Not Addicted
13h 16m 26s,111,True,False,46460,97.22512869878207,Addicted
4h 40m 2s,84,True,True,8563,50.964170932031905,Addicted
8h 8m 54s,146,True,False,6739,22.97334151496557,Not Addicted
1h 42m 3s,64,True,True,5842,95.41074636616038,Not Addicted
3h 42m 19s,66,True,False,879,6.58969937776445,Not Addicted
8h 39m 19s,193,True,True,17377,55.76879874193652,Addicted
5h 18m 29s,100,True,False,7794,40.787063687267775,Addicted
2h 30m 26s,168,True,True,6871,76.12452913804565,Addicted
0h 24m 25s,90,True,False,1164,79.45392491467577,Not Addicted
5h 34m 8s,59,False,True,16869,84.1430566640064,Addicted
5h 22m 47s,185,True,False,1005,5.189239427892808,Not Addicted
5h 58m 28s,160,True,False,3578,16.63567044820532,Not Addicted
9h 13m 1s,76,False,False,4889,14.734335915132155,Cannot Say
3h 39m 2s,109,False,True,1365,10.386546948714047,Not Addicted
0h 24m 49s,127,True,True,260,17.461383478844862,Not Addicted
6h 24m 50s,73,False,True,14442,62.54655695106106,Addicted
10h 8m 42s,121,True,False,8595,23.533760473139477,Addicted
6h 39m 2s,124,True,False,12370,51.66652744131651,Addicted
3h 8m 27s,101,False,True,7992,70.68187848235607,Addicted
6h 33m 10s,115,False,True,22259,94.35777871979653,Addicted
6h 30m 3s,110,False,True,20534,87.7408879203521,Addicted
7h 13m 51s,115,True,True,10929,41.984556874495794,Addicted
8h 27m 53s,177,True,False,26890,88.24205033964493,Addicted
9h 14m 54s,115,True,False,3087,9.271940890250495,Not Addicted
7h 48m 11s,65,True,True,9973,35.50247410202556,Addicted
5h 30m 43s,120,False,False,18963,95.56518671571838,Addicted
7h 38m 55s,166,False,True,18297,66.44997276193935,Addicted
5h 5m 18s,192,True,False,937,5.115187247516104,Not Addicted
2h 7m 28s,183,False,False,1060,13.859832635983263,Cannot Say
7h 33m 28s,196,False,False,21397,78.642311084975,Addicted
6h 59m 21s,67,False,True,21167,84.12622709749215,Addicted
9h 11m 18s,95,False,True,13945,42.15792974182236,Addicted
4h 38m 10s,172,False,True,16422,98.39424805272618,Addicted
0h 7m 24s,187,True,False,181,40.765765765765764,Not Addicted
1h 3m 54s,50,False,True,510,13.302034428794993,Not Addicted
8h 28m 57s,86,True,False,9133,29.907980482693127,Addicted
4h 48m 38s,82,False,True,7909,45.66924587134773,Addicted
3h 53m 25s,90,False,True,9528,68.03284541235273,Addicted
9h 46m 20s,164,False,False,11990,34.081864695849916,Addicted
11h 51m 0s,130,False,True,33197,77.81762775433661,Addicted
5h 38m 57s,79,False,False,574,2.8224418547475048,Cannot Say
3h 31m 46s,114,False,False,12585,99.04769400283331,Addicted
11h 24m 6s,171,True,False,11099,27.040393704624083,Addicted
0h 25m 23s,57,False,True,1162,76.2967826657912,Not Addicted
4h 28m 24s,124,False,True,15463,96.01962245404869,Addicted
11h 6m 22s,152,True,False,16018,40.06302836276324,Addicted
3h 41m 50s,60,True,True,9887,74.282494365139,Addicted
10h 41m 51s,184,False,False,8857,22.998623769831998,Addicted
5h 7m 26s,183,True,True,4183,22.67700314431313,Not Addicted
7h 38m 19s,126,False,True,1667,6.062038619586167,Not Addicted
10h 37m 42s,67,True,True,16273,42.53044796403743,Addicted
10h 23m 48s,150,True,True,36519,97.5713369669766,Addicted
10h 31m 21s,176,True,True,35083,92.61371135925663,Addicted
6h 5m 20s,145,True,True,12856,58.64963503649635,Addicted
8h 53m 59s,163,False,True,30322,94.64090639533069,Addicted
11h 47m 19s,103,True,True,5317,12.528570418718632,Not Addicted
6h 23m 1s,181,True,False,11050,48.083199164527215,Addicted
8h 38m 6s,194,True,False,30515,98.1631602650711,Addicted
2h 8m 16s,161,True,True,4896,63.61746361746362,Addicted
8h 25m 16s,134,True,True,6163,20.32919910278401,Not Addicted
11h 44m 42s,146,False,True,25517,60.34955773142235,Addicted
1h 8m 28s,132,True,True,2748,66.89386562804285,Addicted
1h 10m 52s,122,True,True,86,2.022577610536218,Not Addicted
6h 28m 5s,74,False,True,7982,34.279579128194115,Addicted
0h 19m 5s,199,False,True,1057,92.31441048034934,Addicted
1h 45m 42s,89,True,True,429,6.764427625354778,Not Addicted
0h 10m 11s,106,True,False,376,61.53846153846154,Addicted
8h 21m 43s,121,True,False,3358,11.155034381955286,Not Addicted
10h 20m 20s,150,False,False,13766,36.985491671144544,Addicted
2h 35m 57s,67,True,True,3247,34.70129314951373,Not Addicted
10h 51m 35s,57,False,False,27006,69.07788719785138,Addicted
2h 28m 10s,157,False,False,356,4.004499437570304,Cannot Say
8h 21m 35s,168,True,False,25752,85.56903140056488,Addicted
1h 1m 1s,109,False,True,1166,31.84922152417372,Not Addicted
5h 38m 9s,199,True,True,15049,74.17319729902903,Addicted
8h 43m 8s,170,False,True,15273,48.65872307888365,Addicted
2h 19m 16s,155,True,False,2313,27.68070847295357,Not Addicted
9h 5m 21s,162,False,False,27400,83.73827205769994,Addicted
5h 42m 9s,56,True,True,8119,39.54893078084661,Addicted
12h 36m 4s,65,False,False,31344,69.09443611674455,Addicted
2h 41m 42s,69,False,False,4600,47.4129045557617,Cannot Say
3h 43m 0s,172,False,False,5181,38.7219730941704,Cannot Say
6h 51m 50s,158,False,True,9334,37.774180493727236,Addicted
13h 12m 11s,58,False,True,25993,54.68641518167091,Addicted
4h 59m 30s,53,True,True,1646,9.15971062882582,Not Addicted
2h 39m 54s,112,False,True,8073,84.14634146341463,Addicted
1h 35m 48s,173,False,True,2974,51.73973556019485,Not Addicted
1h 57m 57s,68,False,False,2725,38.50501624982337,Cannot Say
2h 9m 48s,133,True,True,7592,97.48330765279918,Addicted
9h 1m 57s,158,True,True,9297,28.591198450041517,Addicted
14h 26m 48s,108,True,False,49448,95.07768035686817,Addicted
11h 31m 45s,171,True,False,11895,28.65919768702566,Addicted
3h 20m 24s,97,True,True,3308,27.511643379906854,Not Addicted
5h 42m 5s,100,True,False,4115,20.048721071863582,Not Addicted
7h 32m 27s,170,False,True,26015,95.83011014108372,Addicted
9h 49m 0s,179,True,True,32888,93.06168647425014,Addicted
11h 58m 34s,88,True,False,11614,26.93788560560375,Addicted
6h 25m 21s,107,True,False,3419,14.787422689330047,Not Addicted
2h 52m 20s,131,False,False,9727,94.0715667311412,Addicted
5h 23m 1s,157,False,True,18455,95.22212476136423,Addicted
7h 27m 1s,113,True,False,4035,15.044181797844972,Not Addicted
11h 56m 56s,64,True,True,4694,10.912218709317463,Not Addicted
3h 41m 29s,188,True,False,7679,57.78463390774324,Addicted
2h 52m 57s,114,True,True,3933,37.90112749349523,Not Addicted
8h 18m 37s,150,True,True,26021,86.97730387405154,Addicted
5h 46m 2s,139,False,True,12171,58.62152008477025,Addicted
4h 55m 5s,113,True,False,16036,90.57328438294267,Addicted
3h 52m 47s,143,False,True,4721,33.80110259898332,Not Addicted
10h 42m 48s,117,True,False,3545,9.191557768097905,Not Addicted
5h 12m 20s,169,True,False,9582,51.13127001067236,Addicted
8h 27m 37s,161,True,False,3875,12.722855172866666,Not Addicted
2h 48m 34s,78,False,True,9910,97.98299386988333,Addicted
1h 21m 22s,189,False,False,1376,28.185170012290044,Cannot Say
6h 2m 13s,188,False,True,17625,81.09786959922698,Addicted
11h 14m 36s,155,False,True,35545,87.81747208222156,Addicted
2h 18m 42s,105,False,False,6088,73.15549146839702,Not Addicted
1h 40m 32s,104,True,True,5539,91.82692307692307,Addicted
7h 32m 14s,94,False,True,7959,29.33220313997199,Addicted
9h 43m 34s,66,False,True,29340,83.79505340720854,Addicted
7h 32m 31s,93,False,True,2602,9.58344075724651,Not Addicted
9h 48m 6s,167,True,True,9149,25.92813013659808,Addicted
1h 16m 52s,125,False,True,3735,80.98438855160451,Addicted
10h 41m 12s,162,True,True,701,1.8221043876065708,Not Addicted
10h 56m 48s,186,True,True,21656,54.9533089727974,Addicted
1h 38m 24s,183,True,True,3471,58.790650406504064,Addicted
5h 19m 41s,179,True,False,7747,40.38892654189041,Addicted
1h 47m 52s,84,True,True,2165,33.45179233621755,Not Addicted
11h 53m 57s,133,True,False,39359,91.8808506664799,Addicted
0h 8m 22s,139,False,True,128,25.49800796812749,Not Addicted
11h 38m 24s,141,False,True,5597,13.35672012218404,Not Addicted
5h 5m 43s,106,True,True,9647,52.592269530611134,Addicted
4h 0m 52s,61,True,True,13697,94.7758095765292,Addicted
5h 51m 31s,167,True,False,10666,50.5713337442511,Addicted
7h 14m 48s,159,True,False,11958,45.83716651333947,Addicted
5h 23m 2s,136,True,True,8443,43.56103601279538,Addicted
1h 7m 51s,111,True,True,3987,97.93662490788503,Addicted
3h 4m 36s,175,False,True,7858,70.94618996027447,Addicted
4h 14m 4s,174,False,True,10512,68.95827866701653,Addicted
7h 52m 17s,104,False,True,8389,29.604404135935347,Addicted
4h 3m 6s,124,True,True,9049,62.038941450706155,Addicted
4h 52m 0s,90,False,True,11589,66.1472602739726,Addicted
2h 7m 20s,100,False,False,6913,90.48429319371728,Cannot Say
6h 51m 35s,92,False,False,14560,58.95930350273335,Addicted
4h 45m 14s,56,False,True,9340,54.57520158934206,Addicted
3h 10m 33s,107,True,True,5557,48.60491559520686,Not Addicted
9h 42m 52s,153,False,True,4462,12.758778451332494,Not Addicted
9h 38m 55s,101,True,True,24935,71.78638261119907,Addicted
8h 9m 22s,125,True,False,878,2.990259519106328,Not Addicted
9h 30m 59s,97,True,True,3423,9.991535071076212,Not Addicted
1h 34m 36s,132,True,True,3207,56.501057082452434,Addicted
8h 25m 49s,53,True,False,1100,3.624501631025734,Not Addicted
3h 45m 6s,191,True,False,1253,9.277358211165408,Not Addicted
5h 42m 42s,118,True,True,6460,31.41717731738158,Not Addicted
5h 50m 33s,61,True,True,19891,94.57043693243949,Addicted
11h 47m 20s,166,False,False,16816,39.62299717247879,Addicted
1h 51m 24s,172,True,True,5148,77.0197486535009,Addicted
8h 1m 20s,125,True,False,25882,89.6191135734072,Addicted
9h 9m 30s,55,True,False,23311,70.70367000303305,Addicted
11h 5m 36s,125,False,False,25689,64.32542067307693,Addicted
14h 30m 5s,61,True,False,2749,5.265779139929125,Not Addicted
1h 46m 14s,107,False,True,4493,70.48948854722309,Addicted
2h 53m 54s,99,False,True,9010,86.35230975656508,Addicted
2h 20m 36s,109,False,False,4775,56.60265528686581,Not Addicted
9h 29m 33s,152,True,False,2365,6.920668363913031,Not Addicted
6h 7m 43s,86,False,False,17148,77.72288446720754,Addicted
0h 45m 24s,177,False,True,2704,99.26578560939795,Addicted
7h 12m 59s,70,False,False,18346,70.6185765425921,Addicted
10h 31m 42s,188,True,False,9720,25.645084692100678,Addicted
10h 44m 55s,95,False,False,9559,24.703450058147048,Addicted
10h 14m 33s,117,True,False,7026,19.054592791473436,Not Addicted
11h 39m 38s,162,False,True,3731,8.887988946591072,Not Addicted
10h 38m 53s,83,False,False,5943,15.503613074896302,Cannot Say
0h 56m 33s,157,False,False,1209,35.63218390804598,Cannot Say
1h 6m 52s,120,False,False,1231,30.682951146560317,Cannot Say
0h 52m 57s,71,False,False,560,17.62669184765502,Cannot Say
0h 41m 51s,54,True,True,1400,55.75467941059339,Not Addicted
2h 54m 48s,76,True,True,71,0.6769641495041953,Not Addicted
1h 35m 18s,91,True,False,3658,63.97341727876879,Not Addicted
0h 23m 13s,136,False,False,1075,77.17157214644652,Not Addicted
7h 3m 33s,51,False,False,13919,54.77118010467083,Addicted
11h 24m 22s,127,True,False,37466,91.2425113243388,Addicted
2h 11m 12s,134,False,True,5739,72.90396341463415,Addicted
3h 40m 49s,196,False,True,8884,67.05411729187108,Addicted
0h 3m 51s,85,False,False,200,86.58008658008657,Cannot Say
10h 48m 37s,137,False,False,37610,96.6415705218799,Addicted
3h 34m 11s,156,True,True,1812,14.100070033460433,Not Addicted
7h 33m 31s,51,True,True,11507,42.288045275807576,Addicted
9h 54m 22s,161,True,False,3560,9.98261454769783,Not Addicted
4h 23m 53s,139,False,False,13250,83.68597233625971,Addicted
4h 35m 31s,190,False,True,13834,83.68519750771279,Addicted
3h 14m 21s,67,False,True,2321,19.903953348769402,Not Addicted
5h 50m 31s,104,True,False,407,1.935238457515097,Not Addicted
